{"cameraMode":{"drawMode":0,"name":"Shaded","section":"Shading Mode"},"sceneLighting":true,"audioPlay":false,"sceneViewState":{"showFog":true,"showMaterialUpdate":false,"showSkybox":true,"showFlares":true,"showImageEffects":true,"showParticleSystems":true},"in2DMode":false,"pivot":{"x":-30.16364860534668,"y":13.961990356445313,"z":-80.46431732177735},"rotation":{"x":2.909661134253838e-7,"y":-0.9936119914054871,"z":0.000009904262697091326,"w":0.11286626011133194},"size":1.1272931098937989,"orthographic":false}