{"cameraMode":{"drawMode":0,"name":"Shaded","section":"Shading Mode"},"sceneLighting":false,"audioPlay":false,"sceneViewState":{"showFog":true,"showMaterialUpdate":false,"showSkybox":false,"showFlares":true,"showImageEffects":true,"showParticleSystems":true},"in2DMode":false,"pivot":{"x":-0.18967866897583009,"y":3.6951189041137697,"z":-0.06496286392211914},"rotation":{"x":0.00597828533500433,"y":-0.9343857169151306,"z":0.35586968064308169,"w":0.01569499261677265},"size":6.205063819885254,"orthographic":false}