{"cameraMode":{"drawMode":0,"name":"Shaded","section":"Shading Mode"},"sceneLighting":false,"audioPlay":false,"sceneViewState":{"showFog":true,"showMaterialUpdate":false,"showSkybox":false,"showFlares":true,"showImageEffects":true,"showParticleSystems":true},"in2DMode":false,"pivot":{"x":0.06182408332824707,"y":-0.05478084087371826,"z":0.08321964740753174},"rotation":{"x":0.05976498872041702,"y":-0.9238932728767395,"z":0.3417660892009735,"w":0.16155123710632325},"size":1.2974233627319337,"orthographic":false}