{"cameraMode":{"drawMode":0,"name":"Shaded","section":"Shading Mode"},"sceneLighting":true,"audioPlay":false,"sceneViewState":{"showFog":true,"showMaterialUpdate":false,"showSkybox":true,"showFlares":true,"showImageEffects":true,"showParticleSystems":true},"in2DMode":false,"pivot":{"x":9.754447937011719,"y":-1.7822990417480469,"z":-64.46834564208985},"rotation":{"x":0.075534388422966,"y":0.9005821347236633,"z":-0.17396971583366395,"w":0.3912149965763092},"size":60.73737716674805,"orthographic":false}